{
  "name": "angular-local-storage",
  "homepage": "http://gregpike.net/demos/angular-local-storage/demo.html",
  "authors": [
    "grevory <greg@gregpike.ca>"
  ],
  "contributors": [
    "Ariel Mashraki <ariel@mashraki.co.il>"
  ],
  "description": "An Angular module that gives you access to the browser's local storage",
  "main": "./dist/angular-local-storage.js",
  "keywords": [
    "AngularJS",
    "Angular",
    "Storage",
    "Local Storage",
    "Session",
    "Cookie"
  ],
  "license": "MIT",
  "ignore": [
    "src",
    "node_modules",
    "bower_components",
    "test",
    "tests",
    "Gruntfile.js"
  ],
  "devDependencies": {
    "angular": "~1.x",
    "angular-mocks": "~1.2.1"
  },
  "version": "0.2.3",
  "_release": "0.2.3",
  "_resolution": {
    "type": "version",
    "tag": "0.2.3",
    "commit": "ff233e43be10f55adc56b27a9cad0f42f3fd5675"
  },
  "_source": "git://github.com/grevory/angular-local-storage.git",
  "_target": "~0.2.3",
  "_originalSource": "angular-local-storage"
}