{
  "name": "angular-classy",
  "main": "angular-classy.js",
  "version": "1.1.0",
  "homepage": "http://davej.github.io/angular-classy/",
  "repository": {
    "type": "git",
    "url": "git://github.com/davej/angular-classy.git"
  },
  "authors": [
    "Dave Jeffery <dave@davejeffery.com>"
  ],
  "description": "Cleaner class-based controllers for AngularJS",
  "keywords": [
    "angular",
    "angularjs",
    "class",
    "classy",
    "coffeescript",
    "controller"
  ],
  "license": "MIT",
  "dependencies": {
    "angular": "^1.1"
  },
  "devDependencies": {
    "angular-mocks": "^1.1"
  },
  "ignore": [
    "**/.*",
    "node_modules",
    "bower_components",
    "test",
    "tests",
    "examples",
    ".travis.yml",
    "gulpfile.coffee",
    "package.json"
  ],
  "_release": "1.1.0",
  "_resolution": {
    "type": "version",
    "tag": "v1.1.0",
    "commit": "24199450ab0b7a2f2743131aa008f3972aed46d5"
  },
  "_source": "git://github.com/davej/angular-classy.git",
  "_target": "~1.1.0",
  "_originalSource": "angular-classy"
}